CREATE DATABASE  IF NOT EXISTS `baseball_game_db` /*!40100 DEFAULT CHARACTER SET utf8mb3 */ /*!80016 DEFAULT ENCRYPTION='N' */;
USE `baseball_game_db`;
-- MySQL dump 10.13  Distrib 8.0.38, for Win64 (x86_64)
--
-- Host: localhost    Database: baseball_game_db
-- ------------------------------------------------------
-- Server version	8.0.39

/*!40101 SET @OLD_CHARACTER_SET_CLIENT=@@CHARACTER_SET_CLIENT */;
/*!40101 SET @OLD_CHARACTER_SET_RESULTS=@@CHARACTER_SET_RESULTS */;
/*!40101 SET @OLD_COLLATION_CONNECTION=@@COLLATION_CONNECTION */;
/*!50503 SET NAMES utf8 */;
/*!40103 SET @OLD_TIME_ZONE=@@TIME_ZONE */;
/*!40103 SET TIME_ZONE='+00:00' */;
/*!40014 SET @OLD_UNIQUE_CHECKS=@@UNIQUE_CHECKS, UNIQUE_CHECKS=0 */;
/*!40014 SET @OLD_FOREIGN_KEY_CHECKS=@@FOREIGN_KEY_CHECKS, FOREIGN_KEY_CHECKS=0 */;
/*!40101 SET @OLD_SQL_MODE=@@SQL_MODE, SQL_MODE='NO_AUTO_VALUE_ON_ZERO' */;
/*!40111 SET @OLD_SQL_NOTES=@@SQL_NOTES, SQL_NOTES=0 */;

--
-- Table structure for table `coach`
--

DROP TABLE IF EXISTS `coach`;
/*!40101 SET @saved_cs_client     = @@character_set_client */;
/*!50503 SET character_set_client = utf8mb4 */;
CREATE TABLE `coach` (
  `Coach_ID` int NOT NULL AUTO_INCREMENT,
  `First_Name` varchar(25) NOT NULL,
  `Last_Name` varchar(25) NOT NULL,
  `Team_ID` int DEFAULT NULL,
  `Motivator` varchar(8) DEFAULT NULL,
  PRIMARY KEY (`Coach_ID`),
  UNIQUE KEY `Coach_ID_UNIQUE` (`Coach_ID`),
  UNIQUE KEY `Team_ID_UNIQUE` (`Team_ID`),
  KEY `fk_Coach_Team1_idx` (`Team_ID`),
  CONSTRAINT `FK_Coach_Team` FOREIGN KEY (`Team_ID`) REFERENCES `team` (`Team_ID`) ON DELETE SET NULL ON UPDATE CASCADE,
  CONSTRAINT `coach_chk_1` CHECK ((`Motivator` in (_utf8mb4'Hitting',_utf8mb4'Pitching')))
) ENGINE=InnoDB AUTO_INCREMENT=30 DEFAULT CHARSET=utf8mb3;
/*!40101 SET character_set_client = @saved_cs_client */;

--
-- Dumping data for table `coach`
--

LOCK TABLES `coach` WRITE;
/*!40000 ALTER TABLE `coach` DISABLE KEYS */;
INSERT INTO `coach` VALUES (1,'Liam','Archer',1,'Hitting'),(2,'Ethan','Harrison',2,'Pitching'),(3,'Julian','Caldwell',3,NULL),(4,'Sebastian','Parker',4,'Pitching'),(5,'Wyatt','Fletcher',5,NULL),(6,'Jasper','Morris',6,'Hitting'),(7,'Aidan','West',7,'Pitching'),(8,'Maxwell','Stewart',8,'Hitting'),(9,'Nolan','King',9,NULL),(10,'Elijah','Montgomery',10,'Pitching'),(11,'Luca','Green',11,'Hitting'),(12,'Asher','Reed',12,NULL),(13,'Henry','Tucker',13,'Hitting'),(14,'Kai','Dawson',14,NULL),(15,'Finn','Gibson',15,'Pitching'),(16,'Gavin','Walters',16,'Hitting'),(17,'Theo','Owen',17,NULL),(18,'Isaiah','Cameron',18,NULL),(19,'Levi','Miller',19,'Hitting'),(20,'Jude','Sullivan',20,'Pitching'),(21,'Dawson','Wyatt',NULL,'Pitching'),(22,'Phoenix','Riley',NULL,NULL),(23,'Brayden','Cameron',NULL,'Pitching'),(24,'Wyatt','Chavez',NULL,'Pitching'),(25,'Elliot','Patterson',NULL,'Pitching'),(26,'Declan','Sawyer',NULL,'Pitching'),(27,'Bennett','Asher',NULL,NULL),(28,'Jaxon','Oliver',NULL,NULL),(29,'Caden','Foster',NULL,NULL);
/*!40000 ALTER TABLE `coach` ENABLE KEYS */;
UNLOCK TABLES;

--
-- Table structure for table `countries`
--

DROP TABLE IF EXISTS `countries`;
/*!40101 SET @saved_cs_client     = @@character_set_client */;
/*!50503 SET character_set_client = utf8mb4 */;
CREATE TABLE `countries` (
  `Country_ID` char(3) NOT NULL,
  `Country_Name` varchar(75) NOT NULL,
  PRIMARY KEY (`Country_ID`),
  UNIQUE KEY `Country_ID_UNIQUE` (`Country_ID`)
) ENGINE=InnoDB DEFAULT CHARSET=utf8mb3;
/*!40101 SET character_set_client = @saved_cs_client */;

--
-- Dumping data for table `countries`
--

LOCK TABLES `countries` WRITE;
/*!40000 ALTER TABLE `countries` DISABLE KEYS */;
INSERT INTO `countries` VALUES ('ALG','Algeria'),('ANG','Angola'),('ARG','Argentina'),('AUS','Australia'),('AUT','Austria'),('BAR','Barbados'),('BEL','Belgium'),('BGD','Bangladesh'),('BGR','Bulgaria'),('BLR','Belarus'),('BOL','Bolivia'),('BRA','Brazil'),('CAN','Canada'),('CHL','Chile'),('CHN','China'),('CMR','Cameroon'),('COL','Colombia'),('CRI','Costa Rica'),('CRO','Croatia'),('CUB','Cuba'),('CZE','Czech Republic'),('DEN','Denmark'),('DOM','Dominican Republic'),('ECU','Ecuador'),('EGY','Egypt'),('ESP','Spain'),('ETH','Ethiopia'),('FIN','Finland'),('FJI','Fiji'),('FRA','France'),('FSM','Micronesia'),('GBR','United Kingdom'),('GER','Germany'),('GHA','Ghana'),('GRC','Greece'),('GUA','Guatemala'),('GUY','Guyana'),('HON','Honduras'),('HTI','Haiti'),('HUN','Hungary'),('IDN','Indonesia'),('IND','India'),('IRL','Ireland'),('ISR','Israel'),('ITA','Italy'),('JAM','Jamaica'),('JPN','Japan'),('KAZ','Kazakhstan'),('KEN','Kenya'),('KIR','Kiribati'),('KOR','South Korea'),('LKA','Sri Lanka'),('MAR','Morocco'),('MEX','Mexico'),('MHL','Marshall Islands'),('MLT','Malta'),('MYS','Malaysia'),('NED','Netherlands'),('NGA','Nigeria'),('NIC','Nicaragua'),('NOR','Norway'),('NRU','Nauru'),('NZL','New Zealand'),('PAK','Pakistan'),('PAN','Panama'),('PAR','Paraguay'),('PER','Peru'),('PHI','Philippines'),('PLW','Palau'),('PNG','Papua New Guinea'),('POL','Poland'),('PUR','Puerto Rico'),('ROU','Romania'),('RSA','South Africa'),('RUS','Russia'),('SAM','Samoa'),('SEN','Senegal'),('SGP','Singapore'),('SLB','Solomon Islands'),('SLV','El Salvador'),('SRB','Serbia'),('SUI','Switzerland'),('SWE','Sweden'),('TAN','Tanzania'),('TGA','Tonga'),('THA','Thailand'),('TLS','Timor-Leste'),('TPE','Chinese Taipei (Taiwan)'),('TTO','Trinidad and Tobago'),('TUN','Tunisia'),('TUR','Turkey'),('UGA','Uganda'),('UKR','Ukraine'),('URY','Uruguay'),('USA','United States'),('UZB','Uzbekistan'),('VEN','Venezuela'),('VNM','Vietnam'),('VUT','Vanuatu'),('ZAF','Zimbabwe');
/*!40000 ALTER TABLE `countries` ENABLE KEYS */;
UNLOCK TABLES;

--
-- Table structure for table `game`
--

DROP TABLE IF EXISTS `game`;
/*!40101 SET @saved_cs_client     = @@character_set_client */;
/*!50503 SET character_set_client = utf8mb4 */;
CREATE TABLE `game` (
  `Game_ID` int NOT NULL AUTO_INCREMENT,
  `Season_ID` int NOT NULL,
  `Date` date NOT NULL,
  `Home_Team` int DEFAULT NULL,
  `Home_Score` tinyint NOT NULL,
  `Away_Team` int DEFAULT NULL,
  `Away_Score` tinyint NOT NULL,
  `Winner` int DEFAULT NULL,
  `Loser` int DEFAULT NULL,
  PRIMARY KEY (`Game_ID`),
  UNIQUE KEY `GameID_UNIQUE` (`Game_ID`),
  UNIQUE KEY `unique_matchup` (`Season_ID`,`Home_Team`,`Away_Team`),
  KEY `AwayTeam_idx` (`Away_Team`),
  KEY `Winner_idx` (`Winner`),
  KEY `fk_Game_Season1_idx` (`Season_ID`),
  KEY `HomeTeam_idx` (`Home_Team`),
  KEY `FK_Game_Loser` (`Loser`),
  CONSTRAINT `FK_Game_Away_Team` FOREIGN KEY (`Away_Team`) REFERENCES `team` (`Team_ID`) ON DELETE SET NULL ON UPDATE CASCADE,
  CONSTRAINT `FK_Game_Home_Team` FOREIGN KEY (`Home_Team`) REFERENCES `team` (`Team_ID`) ON DELETE SET NULL ON UPDATE CASCADE,
  CONSTRAINT `FK_Game_Loser` FOREIGN KEY (`Loser`) REFERENCES `team` (`Team_ID`) ON DELETE SET NULL ON UPDATE CASCADE,
  CONSTRAINT `FK_Game_Season` FOREIGN KEY (`Season_ID`) REFERENCES `season` (`Season_ID`) ON DELETE RESTRICT ON UPDATE RESTRICT,
  CONSTRAINT `FK_Game_Winner` FOREIGN KEY (`Winner`) REFERENCES `team` (`Team_ID`) ON DELETE SET NULL ON UPDATE CASCADE
) ENGINE=InnoDB AUTO_INCREMENT=381 DEFAULT CHARSET=utf8mb3;
/*!40101 SET character_set_client = @saved_cs_client */;

--
-- Dumping data for table `game`
--

LOCK TABLES `game` WRITE;
/*!40000 ALTER TABLE `game` DISABLE KEYS */;
INSERT INTO `game` VALUES (1,1,'2023-09-06',1,8,2,7,1,2),(2,1,'2023-12-19',1,3,3,4,3,1),(3,1,'2023-03-11',1,9,4,11,4,1),(4,1,'2023-12-23',1,6,5,5,1,5),(5,1,'2023-11-14',1,11,6,12,6,1),(6,1,'2023-01-24',1,14,7,7,1,7),(7,1,'2023-12-20',1,2,8,5,8,1),(8,1,'2023-08-25',1,8,9,7,1,9),(9,1,'2023-07-16',1,14,10,4,1,10),(10,1,'2023-01-10',1,6,11,4,1,11),(11,1,'2023-12-24',1,10,12,15,12,1),(12,1,'2023-09-24',1,13,13,10,1,13),(13,1,'2023-04-21',1,15,14,12,1,14),(14,1,'2023-05-15',1,13,15,6,1,15),(15,1,'2023-07-30',1,8,16,12,16,1),(16,1,'2023-06-22',1,3,17,6,17,1),(17,1,'2023-10-04',1,7,18,10,18,1),(18,1,'2023-02-21',1,2,19,5,19,1),(19,1,'2023-08-04',1,13,20,4,1,20),(20,1,'2023-06-13',2,5,1,1,2,1),(21,1,'2023-10-31',2,1,3,6,3,2),(22,1,'2023-10-31',2,8,4,7,2,4),(23,1,'2023-04-24',2,11,5,1,2,5),(24,1,'2023-01-26',2,5,6,9,6,2),(25,1,'2023-08-03',2,8,7,5,2,7),(26,1,'2023-09-16',2,9,8,4,2,8),(27,1,'2023-04-09',2,5,9,10,9,2),(28,1,'2023-01-18',2,8,10,11,10,2),(29,1,'2023-12-20',2,6,11,10,11,2),(30,1,'2023-12-31',2,15,12,8,2,12),(31,1,'2023-09-03',2,8,13,4,2,13),(32,1,'2023-08-26',2,6,14,15,14,2),(33,1,'2023-09-09',2,6,15,3,2,15),(34,1,'2023-05-31',2,6,16,2,2,16),(35,1,'2023-06-07',2,10,17,11,17,2),(36,1,'2023-08-07',2,2,18,4,18,2),(37,1,'2023-09-09',2,1,19,12,19,2),(38,1,'2023-03-03',2,2,20,10,20,2),(39,1,'2023-07-05',3,1,1,10,1,3),(40,1,'2023-03-02',3,10,2,4,3,2),(41,1,'2023-07-04',3,3,4,10,4,3),(42,1,'2023-11-06',3,10,5,6,3,5),(43,1,'2023-10-16',3,13,6,2,3,6),(44,1,'2023-10-11',3,8,7,7,3,7),(45,1,'2023-09-17',3,11,8,8,3,8),(46,1,'2023-03-12',3,10,9,7,3,9),(47,1,'2023-08-15',3,11,10,6,3,10),(48,1,'2023-10-10',3,9,11,2,3,11),(49,1,'2023-04-25',3,10,12,11,12,3),(50,1,'2023-01-10',3,4,13,3,3,13),(51,1,'2023-10-25',3,14,14,10,3,14),(52,1,'2023-04-26',3,14,15,4,3,15),(53,1,'2023-06-16',3,15,16,1,3,16),(54,1,'2023-06-02',3,14,17,9,3,17),(55,1,'2023-11-30',3,8,18,14,18,3),(56,1,'2023-11-10',3,12,19,6,3,19),(57,1,'2023-12-02',3,4,20,6,20,3),(58,1,'2023-03-03',4,4,1,14,1,4),(59,1,'2023-08-10',4,10,2,15,2,4),(60,1,'2023-04-16',4,11,3,1,4,3),(61,1,'2023-06-14',4,5,5,4,4,5),(62,1,'2023-10-17',4,3,6,4,6,4),(63,1,'2023-01-04',4,11,7,3,4,7),(64,1,'2023-12-04',4,4,8,11,8,4),(65,1,'2023-04-15',4,1,9,6,9,4),(66,1,'2023-02-25',4,14,10,1,4,10),(67,1,'2023-04-22',4,13,11,6,4,11),(68,1,'2023-10-24',4,12,12,4,4,12),(69,1,'2023-12-27',4,10,13,8,4,13),(70,1,'2023-01-14',4,15,14,13,4,14),(71,1,'2023-04-01',4,8,15,3,4,15),(72,1,'2023-11-14',4,11,16,1,4,16),(73,1,'2023-09-04',4,9,17,12,17,4),(74,1,'2023-11-10',4,12,18,9,4,18),(75,1,'2023-08-08',4,5,19,12,19,4),(76,1,'2023-06-20',4,14,20,5,4,20),(77,1,'2023-02-11',5,13,1,10,5,1),(78,1,'2023-04-28',5,2,2,4,2,5),(79,1,'2023-12-14',5,3,3,15,3,5),(80,1,'2023-09-27',5,15,4,14,5,4),(81,1,'2023-07-26',5,2,6,10,6,5),(82,1,'2023-11-18',5,13,7,1,5,7),(83,1,'2023-05-25',5,15,8,1,5,8),(84,1,'2023-01-22',5,13,9,9,5,9),(85,1,'2023-08-22',5,11,10,14,10,5),(86,1,'2023-12-17',5,12,11,2,5,11),(87,1,'2023-09-21',5,3,12,8,12,5),(88,1,'2023-12-28',5,12,13,6,5,13),(89,1,'2023-02-21',5,9,14,10,14,5),(90,1,'2023-12-20',5,14,15,11,5,15),(91,1,'2023-01-31',5,11,16,12,16,5),(92,1,'2023-11-15',5,14,17,12,5,17),(93,1,'2023-05-29',5,2,18,12,18,5),(94,1,'2023-10-20',5,4,19,6,19,5),(95,1,'2023-12-15',5,15,20,7,5,20),(96,1,'2023-06-18',6,10,1,7,6,1),(97,1,'2023-12-08',6,14,2,15,2,6),(98,1,'2023-11-26',6,12,3,9,6,3),(99,1,'2023-03-14',6,8,4,5,6,4),(100,1,'2023-05-15',6,13,5,12,6,5),(101,1,'2023-02-11',6,11,7,10,6,7),(102,1,'2023-03-18',6,14,8,12,6,8),(103,1,'2023-03-14',6,10,9,4,6,9),(104,1,'2023-09-23',6,14,10,4,6,10),(105,1,'2023-07-18',6,3,11,5,11,6),(106,1,'2023-05-06',6,5,12,6,12,6),(107,1,'2023-01-15',6,13,13,14,13,6),(108,1,'2023-03-31',6,15,14,11,6,14),(109,1,'2023-06-13',6,6,15,5,6,15),(110,1,'2023-07-03',6,11,16,13,16,6),(111,1,'2023-12-27',6,11,17,7,6,17),(112,1,'2023-12-20',6,13,18,7,6,18),(113,1,'2023-08-23',6,14,19,11,6,19),(114,1,'2023-08-14',6,11,20,13,20,6),(115,1,'2023-07-04',7,6,1,2,7,1),(116,1,'2023-02-18',7,1,2,2,2,7),(117,1,'2023-09-24',7,10,3,1,3,7),(118,1,'2023-10-15',7,7,4,2,4,7),(119,1,'2023-03-11',7,14,5,11,5,7),(120,1,'2023-06-08',7,6,6,5,7,6),(121,1,'2023-12-03',7,15,8,3,7,8),(122,1,'2023-04-02',7,6,9,2,7,9),(123,1,'2023-09-02',7,1,10,15,10,7),(124,1,'2023-11-11',7,2,11,7,11,7),(125,1,'2023-06-27',7,5,12,14,12,7),(126,1,'2023-02-03',7,6,13,12,13,7),(127,1,'2023-12-02',7,3,14,9,14,7),(128,1,'2023-11-16',7,15,15,4,7,15),(129,1,'2023-01-17',7,3,16,15,16,7),(130,1,'2023-07-23',7,9,17,3,7,17),(131,1,'2023-02-11',7,1,18,9,18,7),(132,1,'2023-03-18',7,11,19,3,7,19),(133,1,'2023-05-29',7,9,20,7,7,20),(134,1,'2023-09-01',8,2,1,1,8,1),(135,1,'2023-03-16',8,3,2,5,2,8),(136,1,'2023-11-18',8,8,3,15,3,8),(137,1,'2023-10-01',8,4,4,1,4,8),(138,1,'2023-10-13',8,7,5,4,5,8),(139,1,'2023-09-12',8,14,6,11,8,6),(140,1,'2023-12-15',8,10,7,6,7,8),(141,1,'2023-12-07',8,8,9,5,8,9),(142,1,'2023-02-12',8,12,10,4,8,10),(143,1,'2023-06-20',8,14,11,12,11,8),(144,1,'2023-10-03',8,10,12,5,8,12),(145,1,'2023-01-18',8,5,13,9,13,8),(146,1,'2023-07-24',8,15,14,9,8,14),(147,1,'2023-02-08',8,14,15,4,8,15),(148,1,'2023-03-11',8,13,16,6,8,16),(149,1,'2023-06-16',8,3,17,5,17,8),(150,1,'2023-10-31',8,3,18,12,18,8),(151,1,'2023-05-30',8,2,19,4,19,8),(152,1,'2023-01-16',8,7,20,2,8,20),(153,1,'2023-03-07',9,10,1,7,9,1),(154,1,'2023-05-22',9,3,2,8,2,9),(155,1,'2023-04-09',9,11,3,8,9,3),(156,1,'2023-10-17',9,11,4,13,4,9),(157,1,'2023-11-22',9,6,5,7,5,9),(158,1,'2023-03-16',9,14,6,9,9,6),(159,1,'2023-11-15',9,10,7,7,9,7),(160,1,'2023-11-04',9,9,8,10,8,9),(161,1,'2023-12-25',9,5,10,15,10,9),(162,1,'2023-08-19',9,12,11,14,11,9),(163,1,'2023-10-13',9,12,12,2,9,12),(164,1,'2023-05-13',9,11,13,5,9,13),(165,1,'2023-09-01',9,2,14,3,14,9),(166,1,'2023-05-08',9,12,15,11,9,15),(167,1,'2023-02-27',9,15,16,2,9,16),(168,1,'2023-12-21',9,12,17,3,9,17),(169,1,'2023-06-24',9,12,18,5,9,18),(170,1,'2023-01-29',9,1,19,6,19,9),(171,1,'2023-10-06',9,2,20,4,20,9),(172,1,'2023-09-13',10,6,1,2,10,1),(173,1,'2023-11-16',10,5,2,15,2,10),(174,1,'2023-02-11',10,15,3,12,10,3),(175,1,'2023-11-13',10,3,4,8,4,10),(176,1,'2023-02-08',10,13,5,9,10,5),(177,1,'2023-09-27',10,13,6,4,10,6),(178,1,'2023-02-28',10,8,7,2,7,10),(179,1,'2023-09-20',10,7,8,3,8,10),(180,1,'2023-04-22',10,10,9,11,10,9),(181,1,'2023-08-23',10,1,11,15,11,10),(182,1,'2023-10-22',10,14,12,9,10,12),(183,1,'2023-07-13',10,3,13,4,13,10),(184,1,'2023-01-28',10,12,14,10,10,14),(185,1,'2023-03-10',10,1,15,3,15,10),(186,1,'2023-04-15',10,12,16,11,10,16),(187,1,'2023-09-16',10,8,17,3,10,17),(188,1,'2023-03-08',10,2,18,12,18,10),(189,1,'2023-02-24',10,9,19,12,19,10),(190,1,'2023-12-06',10,13,20,4,10,20),(191,1,'2023-08-21',11,12,1,2,11,1),(192,1,'2023-11-16',11,2,2,5,2,11),(193,1,'2023-03-15',11,3,3,9,3,11),(194,1,'2023-09-15',11,15,4,2,4,11),(195,1,'2023-05-16',11,2,5,3,11,5),(196,1,'2023-09-12',11,14,6,4,6,11),(197,1,'2023-05-23',11,3,7,8,11,7),(198,1,'2023-11-04',11,6,8,11,11,8),(199,1,'2023-08-02',11,15,9,2,9,11),(200,1,'2023-07-09',11,13,10,1,10,11),(201,1,'2023-06-15',11,8,12,2,11,12),(202,1,'2023-12-21',11,4,13,13,13,11),(203,1,'2023-04-05',11,2,14,9,14,11),(204,1,'2023-07-06',11,8,15,4,11,15),(205,1,'2023-09-17',11,11,16,3,11,16),(206,1,'2023-02-15',11,12,17,9,11,17),(207,1,'2023-07-30',11,12,18,5,11,18),(208,1,'2023-01-28',11,9,19,14,19,11),(209,1,'2023-07-06',11,2,20,6,20,11),(210,1,'2023-06-27',12,13,1,1,12,1),(211,1,'2023-01-24',12,13,2,15,2,12),(212,1,'2023-06-10',12,12,3,5,12,3),(213,1,'2023-11-22',12,9,4,6,12,4),(214,1,'2023-10-17',12,8,5,7,12,5),(215,1,'2023-06-23',12,10,6,12,6,12),(216,1,'2023-07-10',12,8,7,1,12,7),(217,1,'2023-12-15',12,4,8,8,12,8),(218,1,'2023-05-28',12,2,9,5,12,9),(219,1,'2023-10-08',12,7,10,4,10,12),(220,1,'2023-01-15',12,15,11,14,12,11),(221,1,'2023-11-03',12,13,13,2,12,13),(222,1,'2023-03-23',12,5,14,14,14,12),(223,1,'2023-12-26',12,1,15,8,15,12),(224,1,'2023-11-25',12,10,16,11,16,12),(225,1,'2023-12-08',12,7,17,2,12,17),(226,1,'2023-12-30',12,13,18,3,12,18),(227,1,'2023-01-09',12,12,19,3,12,19),(228,1,'2023-05-20',12,15,20,10,12,20),(229,1,'2023-07-11',13,3,1,14,1,13),(230,1,'2023-03-05',13,11,2,4,13,2),(231,1,'2023-06-10',13,10,3,2,13,3),(232,1,'2023-12-08',13,13,4,1,13,4),(233,1,'2023-11-24',13,14,5,8,13,5),(234,1,'2023-11-17',13,8,6,3,13,6),(235,1,'2023-09-16',13,15,7,8,13,7),(236,1,'2023-08-26',13,15,8,12,8,13),(237,1,'2023-08-12',13,15,9,2,13,9),(238,1,'2023-11-22',13,15,10,1,10,13),(239,1,'2023-01-17',13,12,11,5,13,11),(240,1,'2023-12-29',13,15,12,5,13,12),(241,1,'2023-09-24',13,1,14,13,14,13),(242,1,'2023-05-09',13,13,15,7,13,15),(243,1,'2023-04-08',13,6,16,13,16,13),(244,1,'2023-10-12',13,5,17,2,13,17),(245,1,'2023-12-31',13,1,18,9,18,13),(246,1,'2023-02-08',13,3,19,5,19,13),(247,1,'2023-08-06',13,15,20,3,13,20),(248,1,'2023-10-30',14,13,1,15,1,14),(249,1,'2023-12-05',14,5,2,3,14,2),(250,1,'2023-08-21',14,3,3,5,3,14),(251,1,'2023-05-03',14,13,4,3,14,4),(252,1,'2023-01-26',14,11,5,12,5,14),(253,1,'2023-05-07',14,4,6,6,6,14),(254,1,'2023-11-17',14,8,7,2,14,7),(255,1,'2023-11-12',14,5,8,8,14,8),(256,1,'2023-10-14',14,3,9,15,14,9),(257,1,'2023-04-25',14,2,10,1,10,14),(258,1,'2023-05-04',14,6,11,1,14,11),(259,1,'2023-08-27',14,8,12,14,12,14),(260,1,'2023-04-15',14,3,13,1,14,13),(261,1,'2023-11-06',14,15,15,1,14,15),(262,1,'2023-10-24',14,13,16,15,16,14),(263,1,'2023-02-26',14,3,17,1,14,17),(264,1,'2023-04-11',14,9,18,6,14,18),(265,1,'2023-03-19',14,14,19,11,14,19),(266,1,'2023-02-16',14,8,20,15,20,14),(267,1,'2023-01-18',15,2,1,5,1,15),(268,1,'2023-05-22',15,10,2,7,15,2),(269,1,'2023-05-21',15,15,3,3,15,3),(270,1,'2023-11-25',15,5,4,11,4,15),(271,1,'2023-03-14',15,4,5,1,5,15),(272,1,'2023-04-23',15,15,6,2,15,6),(273,1,'2023-05-16',15,8,7,7,15,7),(274,1,'2023-08-08',15,8,8,7,8,15),(275,1,'2023-06-18',15,15,9,4,9,15),(276,1,'2023-04-10',15,6,10,12,15,10),(277,1,'2023-02-22',15,11,11,1,15,11),(278,1,'2023-06-09',15,2,12,12,12,15),(279,1,'2023-09-17',15,1,13,8,13,15),(280,1,'2023-12-15',15,3,14,8,14,15),(281,1,'2023-08-04',15,14,16,1,15,16),(282,1,'2023-04-18',15,2,17,8,17,15),(283,1,'2023-03-30',15,13,18,12,15,18),(284,1,'2023-12-11',15,5,19,15,19,15),(285,1,'2023-01-17',15,13,20,9,15,20),(286,1,'2023-03-09',16,9,1,12,1,16),(287,1,'2023-04-24',16,4,2,5,2,16),(288,1,'2023-01-06',16,7,3,2,16,3),(289,1,'2023-12-07',16,11,4,9,16,4),(290,1,'2023-08-24',16,6,5,1,16,5),(291,1,'2023-02-16',16,14,6,13,16,6),(292,1,'2023-10-26',16,6,7,14,7,16),(293,1,'2023-01-06',16,11,8,9,8,16),(294,1,'2023-12-31',16,15,9,14,9,16),(295,1,'2023-10-05',16,11,10,2,16,10),(296,1,'2023-10-05',16,15,11,5,16,11),(297,1,'2023-08-21',16,2,12,4,12,16),(298,1,'2023-05-24',16,15,13,4,16,13),(299,1,'2023-04-08',16,7,14,11,14,16),(300,1,'2023-09-23',16,13,15,5,16,15),(301,1,'2023-02-27',16,15,17,8,16,17),(302,1,'2023-10-29',16,14,18,9,16,18),(303,1,'2023-05-01',16,1,19,9,19,16),(304,1,'2023-07-08',16,7,20,15,20,16),(305,1,'2023-01-02',17,10,1,6,17,1),(306,1,'2023-10-19',17,9,2,8,17,2),(307,1,'2023-04-29',17,13,3,7,17,3),(308,1,'2023-11-25',17,9,4,1,4,17),(309,1,'2023-08-13',17,15,5,6,5,17),(310,1,'2023-02-26',17,7,6,5,6,17),(311,1,'2023-02-06',17,7,7,5,7,17),(312,1,'2023-09-26',17,11,8,8,17,8),(313,1,'2023-07-13',17,14,9,4,9,17),(314,1,'2023-06-08',17,5,10,12,17,10),(315,1,'2023-01-09',17,15,11,1,17,11),(316,1,'2023-01-30',17,9,12,2,17,12),(317,1,'2023-04-12',17,1,13,10,13,17),(318,1,'2023-04-18',17,12,14,7,17,14),(319,1,'2023-05-29',17,6,15,8,15,17),(320,1,'2023-11-21',17,12,16,8,17,16),(321,1,'2023-02-22',17,4,18,10,18,17),(322,1,'2023-01-28',17,8,19,12,19,17),(323,1,'2023-11-21',17,13,20,5,17,20),(324,1,'2023-06-21',18,3,1,11,1,18),(325,1,'2023-09-16',18,3,2,11,2,18),(326,1,'2023-10-20',18,9,3,2,18,3),(327,1,'2023-10-31',18,9,4,1,18,4),(328,1,'2023-11-23',18,9,5,7,18,5),(329,1,'2023-01-31',18,13,6,2,18,6),(330,1,'2023-06-30',18,9,7,4,18,7),(331,1,'2023-09-20',18,12,8,6,8,18),(332,1,'2023-06-20',18,13,9,10,9,18),(333,1,'2023-08-11',18,8,10,3,10,18),(334,1,'2023-11-25',18,4,11,15,11,18),(335,1,'2023-01-22',18,12,12,8,18,12),(336,1,'2023-02-03',18,13,13,5,18,13),(337,1,'2023-11-13',18,2,14,10,14,18),(338,1,'2023-07-02',18,7,15,5,18,15),(339,1,'2023-08-09',18,7,16,15,16,18),(340,1,'2023-10-12',18,10,17,2,18,17),(341,1,'2023-04-27',18,7,19,15,19,18),(342,1,'2023-10-20',18,14,20,12,18,20),(343,1,'2023-10-07',19,9,1,1,19,1),(344,1,'2023-01-31',19,7,2,10,2,19),(345,1,'2023-05-21',19,13,3,3,19,3),(346,1,'2023-01-05',19,15,4,8,19,4),(347,1,'2023-07-14',19,4,5,3,19,5),(348,1,'2023-10-14',19,5,6,6,6,19),(349,1,'2023-10-11',19,3,7,2,19,7),(350,1,'2023-02-06',19,10,8,2,19,8),(351,1,'2023-09-14',19,7,9,2,19,9),(352,1,'2023-12-24',19,13,10,2,10,19),(353,1,'2023-09-21',19,8,11,7,19,11),(354,1,'2023-04-29',19,4,12,1,19,12),(355,1,'2023-08-17',19,5,13,3,19,13),(356,1,'2023-10-03',19,15,14,10,19,14),(357,1,'2023-02-04',19,12,15,15,15,19),(358,1,'2023-10-11',19,10,16,13,16,19),(359,1,'2023-10-23',19,12,17,2,19,17),(360,1,'2023-08-14',19,3,18,6,18,19),(361,1,'2023-08-17',19,2,20,7,20,19),(362,1,'2023-10-09',20,5,1,6,1,20),(363,1,'2023-05-19',20,5,2,7,2,20),(364,1,'2023-02-14',20,13,3,11,20,3),(365,1,'2023-11-14',20,5,4,3,20,4),(366,1,'2023-11-16',20,7,5,14,5,20),(367,1,'2023-05-06',20,5,6,9,6,20),(368,1,'2023-02-12',20,3,7,1,20,7),(369,1,'2023-12-01',20,6,8,7,8,20),(370,1,'2023-11-30',20,8,9,4,20,9),(371,1,'2023-03-30',20,5,10,2,20,10),(372,1,'2023-02-24',20,13,11,6,20,11),(373,1,'2023-11-03',20,1,12,14,12,20),(374,1,'2023-08-21',20,7,13,14,13,20),(375,1,'2023-07-19',20,11,14,8,20,14),(376,1,'2023-10-27',20,13,15,10,20,15),(377,1,'2023-08-13',20,3,16,2,20,16),(378,1,'2023-03-26',20,3,17,8,17,20),(379,1,'2023-07-05',20,7,18,9,18,20),(380,1,'2023-01-01',20,8,19,10,19,20);
/*!40000 ALTER TABLE `game` ENABLE KEYS */;
UNLOCK TABLES;

--
-- Table structure for table `game_stats`
--

DROP TABLE IF EXISTS `game_stats`;
/*!40101 SET @saved_cs_client     = @@character_set_client */;
/*!50503 SET character_set_client = utf8mb4 */;
CREATE TABLE `game_stats` (
  `Player_ID` int NOT NULL,
  `Season_ID` int NOT NULL,
  `Games_Played` int DEFAULT '0',
  `At_Bats` int DEFAULT '0',
  `Hits` int DEFAULT '0',
  `RBIs` int DEFAULT '0',
  `Runs` int DEFAULT '0',
  `Innings_Pitched` int DEFAULT '0',
  `Earned_Runs` int DEFAULT '0',
  `Strikeouts` int DEFAULT '0',
  PRIMARY KEY (`Player_ID`,`Season_ID`),
  KEY `fk_Stats_Player1_idx` (`Player_ID`),
  KEY `fk_Stats_Season1_idx` (`Season_ID`),
  CONSTRAINT `FK_Game_Stats_Player` FOREIGN KEY (`Player_ID`) REFERENCES `player` (`Player_ID`) ON DELETE CASCADE ON UPDATE CASCADE,
  CONSTRAINT `FK_Game_Stats_Season` FOREIGN KEY (`Season_ID`) REFERENCES `season` (`Season_ID`) ON DELETE CASCADE ON UPDATE CASCADE
) ENGINE=InnoDB DEFAULT CHARSET=utf8mb3;
/*!40101 SET character_set_client = @saved_cs_client */;

--
-- Dumping data for table `game_stats`
--

LOCK TABLES `game_stats` WRITE;
/*!40000 ALTER TABLE `game_stats` DISABLE KEYS */;
INSERT INTO `game_stats` VALUES (1,1,38,0,0,0,0,158,88,144),(2,1,38,0,0,0,0,167,56,119),(3,1,38,155,51,39,24,0,0,0),(4,1,38,136,70,29,53,0,0,0),(5,1,38,159,38,16,43,0,0,0),(6,1,38,141,61,18,41,0,0,0),(7,1,38,117,77,36,51,0,0,0),(8,1,38,110,47,29,33,0,0,0),(9,1,38,128,77,41,45,0,0,0),(10,1,38,111,77,47,60,0,0,0),(11,1,38,157,46,38,23,0,0,0),(12,1,38,151,38,26,21,0,0,0),(13,1,38,0,0,0,0,170,48,189),(14,1,38,0,0,0,0,137,62,161),(15,1,38,154,54,20,48,0,0,0),(16,1,38,138,72,17,34,0,0,0),(17,1,38,153,40,20,36,0,0,0),(18,1,38,113,56,12,31,0,0,0),(19,1,38,137,53,37,48,0,0,0),(20,1,38,136,46,45,22,0,0,0),(21,1,38,143,35,17,48,0,0,0),(22,1,38,131,34,26,33,0,0,0),(23,1,38,154,73,12,36,0,0,0),(24,1,38,111,39,20,26,0,0,0),(25,1,38,0,0,0,0,158,83,129),(26,1,38,0,0,0,0,154,77,123),(27,1,38,129,56,30,38,0,0,0),(28,1,38,134,78,38,29,0,0,0),(29,1,38,113,39,47,37,0,0,0),(30,1,38,113,70,22,54,0,0,0),(31,1,38,117,61,20,36,0,0,0),(32,1,38,136,61,21,57,0,0,0),(33,1,38,132,41,27,45,0,0,0),(34,1,38,131,57,22,57,0,0,0),(35,1,38,135,41,23,22,0,0,0),(36,1,38,0,0,0,0,134,49,113),(37,1,38,0,0,0,0,167,62,146),(38,1,38,0,0,0,0,137,84,173),(39,1,38,151,59,38,39,0,0,0),(40,1,38,132,36,40,31,0,0,0),(41,1,38,116,61,39,50,0,0,0),(42,1,38,123,51,48,33,0,0,0),(43,1,38,139,59,19,31,0,0,0),(44,1,38,123,71,28,31,0,0,0),(45,1,38,119,54,49,24,0,0,0),(46,1,38,151,58,50,23,0,0,0),(47,1,38,144,65,32,24,0,0,0),(48,1,38,132,37,43,55,0,0,0),(49,1,38,0,0,0,0,135,80,162),(50,1,38,0,0,0,0,137,56,132),(51,1,38,138,46,25,45,0,0,0),(52,1,38,151,57,50,33,0,0,0),(53,1,38,110,47,26,27,0,0,0),(54,1,38,149,51,19,26,0,0,0),(55,1,38,149,47,49,23,0,0,0),(56,1,38,112,44,33,53,0,0,0),(57,1,38,114,61,50,44,0,0,0),(58,1,38,153,79,42,42,0,0,0),(59,1,38,117,53,13,41,0,0,0),(60,1,38,0,0,0,0,140,77,190),(61,1,38,0,0,0,0,152,90,163),(62,1,38,0,0,0,0,148,91,180),(63,1,38,143,57,11,34,0,0,0),(64,1,38,129,60,40,59,0,0,0),(65,1,38,114,56,40,20,0,0,0),(66,1,38,110,51,24,23,0,0,0),(67,1,38,136,63,32,24,0,0,0),(68,1,38,117,55,19,57,0,0,0),(69,1,38,134,55,19,22,0,0,0),(70,1,38,127,61,20,28,0,0,0),(71,1,38,151,37,29,27,0,0,0),(72,1,38,133,36,39,36,0,0,0),(73,1,38,0,0,0,0,167,88,114),(74,1,38,0,0,0,0,149,78,102),(75,1,38,149,46,13,35,0,0,0),(76,1,38,113,61,26,58,0,0,0),(77,1,38,136,30,48,38,0,0,0),(78,1,38,115,78,33,33,0,0,0),(79,1,38,111,62,30,53,0,0,0),(80,1,38,137,75,50,55,0,0,0),(81,1,38,113,39,14,56,0,0,0),(82,1,38,148,66,33,50,0,0,0),(83,1,38,0,0,0,0,151,91,193),(84,1,38,140,42,17,23,0,0,0),(85,1,38,0,0,0,0,162,73,128),(86,1,38,0,0,0,0,162,58,187),(87,1,38,114,55,40,40,0,0,0),(88,1,38,120,66,38,56,0,0,0),(89,1,38,152,79,38,60,0,0,0),(90,1,38,137,66,41,59,0,0,0),(91,1,38,150,61,40,56,0,0,0),(92,1,38,140,42,27,41,0,0,0),(93,1,38,149,36,32,48,0,0,0),(94,1,38,119,31,11,60,0,0,0),(95,1,38,144,55,24,42,0,0,0),(96,1,38,142,75,21,45,0,0,0),(97,1,38,0,0,0,0,142,45,171),(98,1,38,0,0,0,0,133,80,132),(99,1,38,119,69,29,24,0,0,0),(100,1,38,127,37,16,57,0,0,0),(101,1,38,119,69,43,25,0,0,0),(102,1,38,111,74,22,37,0,0,0),(103,1,38,159,63,16,27,0,0,0),(104,1,38,148,41,45,43,0,0,0),(105,1,38,120,30,25,37,0,0,0),(106,1,38,125,77,28,41,0,0,0),(107,1,38,0,0,0,0,151,84,104),(108,1,38,133,65,16,26,0,0,0),(109,1,38,0,0,0,0,140,84,147),(110,1,38,0,0,0,0,138,75,165),(111,1,38,143,38,20,25,0,0,0),(112,1,38,139,60,10,33,0,0,0),(113,1,38,130,61,50,33,0,0,0),(114,1,38,133,36,14,39,0,0,0),(115,1,38,124,36,21,58,0,0,0),(116,1,38,158,31,21,54,0,0,0),(117,1,38,150,64,37,40,0,0,0),(118,1,38,154,67,28,24,0,0,0),(119,1,38,110,41,43,43,0,0,0),(120,1,38,124,69,27,22,0,0,0),(121,1,38,0,0,0,0,165,69,117),(122,1,38,0,0,0,0,158,59,100),(123,1,38,149,40,17,50,0,0,0),(124,1,38,160,79,11,35,0,0,0),(125,1,38,110,32,14,57,0,0,0),(126,1,38,153,61,45,27,0,0,0),(127,1,38,139,39,18,32,0,0,0),(128,1,38,125,66,25,26,0,0,0),(129,1,38,148,36,42,39,0,0,0),(130,1,38,125,67,23,37,0,0,0),(131,1,38,146,54,31,58,0,0,0),(132,1,38,113,62,36,33,0,0,0),(133,1,38,0,0,0,0,158,94,177),(134,1,38,0,0,0,0,169,49,168),(135,1,38,133,43,39,23,0,0,0),(136,1,38,148,74,13,22,0,0,0),(137,1,38,143,41,45,52,0,0,0),(138,1,38,135,33,20,29,0,0,0),(139,1,38,159,65,46,35,0,0,0),(140,1,38,157,57,41,36,0,0,0),(141,1,38,140,39,21,22,0,0,0),(142,1,38,173,65,67,39,0,0,0),(143,1,38,138,30,48,51,0,0,0),(144,1,38,145,73,25,60,0,0,0),(145,1,38,0,0,0,0,160,84,199),(146,1,38,0,0,0,0,145,61,142),(147,1,38,157,37,47,26,0,0,0),(148,1,38,137,59,25,27,0,0,0),(149,1,38,156,72,19,45,0,0,0),(150,1,38,141,52,47,29,0,0,0),(151,1,38,138,75,39,53,0,0,0),(152,1,38,145,42,26,24,0,0,0),(153,1,38,120,30,41,52,0,0,0),(154,1,38,151,74,14,59,0,0,0),(155,1,38,127,32,15,36,0,0,0),(156,1,38,123,70,13,36,0,0,0),(157,1,38,0,0,0,0,149,57,152),(158,1,38,0,0,0,0,155,80,186),(159,1,38,130,67,34,43,0,0,0),(160,1,38,144,53,28,50,0,0,0),(161,1,38,110,46,24,53,0,0,0),(162,1,38,151,36,48,59,0,0,0),(163,1,38,122,72,15,52,0,0,0),(164,1,38,153,71,28,53,0,0,0),(165,1,38,145,60,10,23,0,0,0),(166,1,38,123,78,39,38,0,0,0),(167,1,38,137,55,12,34,0,0,0),(168,1,38,141,49,48,28,0,0,0),(169,1,38,0,0,0,0,147,89,130),(170,1,38,0,0,0,0,147,94,100),(171,1,38,146,31,29,57,0,0,0),(172,1,38,150,66,15,43,0,0,0),(173,1,38,159,80,41,34,0,0,0),(174,1,38,156,59,18,23,0,0,0),(175,1,38,139,75,32,45,0,0,0),(176,1,38,152,69,38,20,0,0,0),(177,1,38,131,57,22,34,0,0,0),(178,1,38,150,68,24,28,0,0,0),(179,1,38,112,71,21,32,0,0,0),(180,1,38,119,44,15,60,0,0,0),(181,1,38,0,0,0,0,136,58,128),(182,1,38,0,0,0,0,169,57,120),(183,1,38,115,35,34,54,0,0,0),(184,1,38,116,59,26,58,0,0,0),(185,1,38,148,55,16,35,0,0,0),(186,1,38,130,80,24,26,0,0,0),(187,1,38,139,80,20,54,0,0,0),(188,1,38,132,40,38,49,0,0,0),(189,1,38,117,56,23,24,0,0,0),(190,1,38,151,55,50,40,0,0,0),(191,1,38,131,80,47,40,0,0,0),(192,1,38,151,52,29,35,0,0,0),(193,1,38,0,0,0,0,154,69,158),(194,1,38,0,0,0,0,134,75,187),(195,1,38,154,47,16,36,0,0,0),(196,1,38,160,32,48,44,0,0,0),(197,1,38,121,39,48,58,0,0,0),(198,1,38,129,53,20,33,0,0,0),(199,1,38,112,76,44,47,0,0,0),(200,1,38,129,60,24,26,0,0,0),(201,1,38,145,60,13,37,0,0,0),(202,1,38,126,67,34,60,0,0,0),(203,1,38,156,62,35,39,0,0,0),(204,1,38,147,45,12,35,0,0,0),(205,1,38,0,0,0,0,159,46,131),(206,1,38,0,0,0,0,164,45,178),(207,1,38,160,36,47,22,0,0,0),(208,1,38,128,43,31,41,0,0,0),(209,1,38,150,73,31,41,0,0,0),(210,1,38,113,67,30,40,0,0,0),(211,1,38,121,66,25,22,0,0,0),(212,1,38,118,75,31,43,0,0,0),(213,1,38,110,65,44,20,0,0,0),(214,1,38,125,80,31,27,0,0,0),(215,1,38,141,63,18,26,0,0,0),(216,1,38,152,64,42,23,0,0,0),(217,1,38,0,0,0,0,157,62,165),(218,1,38,0,0,0,0,150,51,154),(219,1,38,146,45,24,30,0,0,0),(220,1,38,112,63,45,35,0,0,0),(221,1,38,125,39,16,58,0,0,0),(222,1,38,120,41,15,35,0,0,0),(223,1,38,128,68,28,30,0,0,0),(224,1,38,138,34,31,31,0,0,0),(225,1,38,125,35,13,54,0,0,0),(226,1,38,118,76,13,21,0,0,0),(227,1,38,148,79,44,28,0,0,0),(228,1,38,142,52,16,60,0,0,0),(229,1,38,0,0,0,0,151,76,108),(230,1,38,0,0,0,0,148,52,170),(231,1,38,110,71,16,53,0,0,0),(232,1,38,118,52,19,35,0,0,0),(233,1,38,158,46,33,49,0,0,0),(234,1,38,112,71,37,34,0,0,0),(235,1,38,140,33,25,41,0,0,0),(236,1,38,135,55,37,33,0,0,0),(237,1,38,128,77,25,47,0,0,0),(238,1,38,132,70,31,33,0,0,0),(239,1,38,118,47,29,58,0,0,0),(240,1,38,132,68,23,60,0,0,0);
/*!40000 ALTER TABLE `game_stats` ENABLE KEYS */;
UNLOCK TABLES;

--
-- Table structure for table `player`
--

DROP TABLE IF EXISTS `player`;
/*!40101 SET @saved_cs_client     = @@character_set_client */;
/*!50503 SET character_set_client = utf8mb4 */;
CREATE TABLE `player` (
  `Player_ID` int NOT NULL AUTO_INCREMENT,
  `First_Name` varchar(25) NOT NULL,
  `Last_Name` varchar(25) NOT NULL,
  `Position_ID` int NOT NULL,
  `Team_ID` int DEFAULT NULL,
  `Age` int NOT NULL,
  `Country_ID` char(3) NOT NULL,
  PRIMARY KEY (`Player_ID`),
  UNIQUE KEY `ID_UNIQUE` (`Player_ID`),
  KEY `fk_Player_Position1_idx` (`Position_ID`),
  KEY `fk_Player_Team1_idx` (`Team_ID`),
  KEY `fk_Player_Countries1_idx` (`Country_ID`),
  CONSTRAINT `FK_Player_Country` FOREIGN KEY (`Country_ID`) REFERENCES `countries` (`Country_ID`) ON DELETE RESTRICT ON UPDATE RESTRICT,
  CONSTRAINT `FK_Player_Position` FOREIGN KEY (`Position_ID`) REFERENCES `position` (`Position_ID`) ON DELETE RESTRICT ON UPDATE RESTRICT,
  CONSTRAINT `FK_Player_Team` FOREIGN KEY (`Team_ID`) REFERENCES `team` (`Team_ID`) ON DELETE SET NULL ON UPDATE CASCADE
) ENGINE=InnoDB AUTO_INCREMENT=271 DEFAULT CHARSET=utf8mb3;
/*!40101 SET character_set_client = @saved_cs_client */;

--
-- Dumping data for table `player`
--

LOCK TABLES `player` WRITE;
/*!40000 ALTER TABLE `player` DISABLE KEYS */;
INSERT INTO `player` VALUES (1,'Mitchell','Walker',1,1,26,'USA'),(2,'Luis','Sanchez',1,1,28,'CUB'),(3,'Carlos','Martinez',2,1,30,'DOM'),(4,'Miguel','Perez',3,1,27,'VEN'),(5,'Tyler','King',4,1,22,'USA'),(6,'Andres','Hernandez',5,1,25,'MEX'),(7,'Hiroshi','Kobayashi',6,1,24,'JPN'),(8,'Jin','Choi',7,1,23,'KOR'),(9,'Ji-Man','Cho',8,1,21,'KOR'),(10,'Esteban','Lopez',9,1,24,'PAN'),(11,'Santiago','Martinez',2,1,26,'COL'),(12,'Ming-Ho','Park',5,1,27,'CHN'),(13,'Aiden','Bryant',1,2,23,'USA'),(14,'Juan','Gomez',1,2,29,'DOM'),(15,'Hiroto','Mieda',2,2,24,'JPN'),(16,'Juan','Martinez',3,2,27,'VEN'),(17,'Tatsuya','Yoshida',4,2,24,'JPN'),(18,'Manuel','Moreno',5,2,25,'MEX'),(19,'Ethan','Smith',6,2,22,'USA'),(20,'Minho','Park',7,2,23,'KOR'),(21,'Hasitaka','Mori',8,2,24,'JPN'),(22,'David','Soto',9,2,24,'PAN'),(23,'Felipe','Cortez',7,2,24,'COL'),(24,'Daniel','Schneider',9,2,27,'USA'),(25,'Evan','Dupont',1,3,25,'FRA'),(26,'Carlos','Kovacs',1,3,28,'HUN'),(27,'Luis','Mutiso',2,3,30,'KEN'),(28,'Nicolas','Alvarado',3,3,26,'BOL'),(29,'Andres','Kowalski',4,3,24,'POL'),(30,'Pedro','Schmidt',5,3,27,'SUI'),(31,'Lucas','Nikolic',6,3,23,'SRB'),(32,'Jin','Zewde',7,3,23,'ETH'),(33,'Rafael','Mendy',8,3,21,'SEN'),(34,'Sho','Nakamura',9,3,24,'JPN'),(35,'Carlos','Fernandez',2,3,25,'ARG'),(36,'Marco','Adeyemi',1,3,27,'NGA'),(37,'Ethan','Johnson',1,4,24,'USA'),(38,'Ryan','Smith',1,4,29,'USA'),(39,'Carlos','Morales',2,4,27,'CUB'),(40,'Tim','Walker',3,4,28,'USA'),(41,'Ryuji','Tanaka',4,4,23,'JPN'),(42,'James','Williams',5,4,26,'USA'),(43,'David','Garcia',6,4,25,'USA'),(44,'Hyun','Kim',7,4,22,'KOR'),(45,'Omar','Viciedo',8,4,21,'DOM'),(46,'Casey','Folk',9,4,24,'USA'),(47,'Diego','Morales',5,4,23,'MEX'),(48,'Matteo','Bianchi',5,4,27,'ITA'),(49,'Luca','Ricci',1,5,22,'ITA'),(50,'Santiago','Martinez',1,5,28,'ARG'),(51,'Masataka','Yumori',2,5,30,'JPN'),(52,'Ichiro','Yoshida',3,5,27,'JPN'),(53,'Giovanni','Bianchi',4,5,24,'ITA'),(54,'Emilio','Lopez',5,5,26,'MEX'),(55,'Liam','Williams',6,5,23,'USA'),(56,'Jiwon','Park',7,5,22,'KOR'),(57,'Jim','Ray',8,5,21,'USA'),(58,'Marcos','Jiminez',9,5,24,'BRA'),(59,'Andres','Garcia',4,5,25,'PER'),(60,'Diego','Gomez',1,5,27,'ESP'),(61,'Alexander','Brown',1,6,25,'GBR'),(62,'Juan','Rodriguez',1,6,28,'ESP'),(63,'Mateo','Fernandez',2,6,30,'ARG'),(64,'Yuki','Tanaka',3,6,27,'JPN'),(65,'Jeffrey','Lancelot',4,6,24,'GBR'),(66,'Luca','Ricci',5,6,26,'ITA'),(67,'Ravi','Patel',6,6,23,'IND'),(68,'Jiwon','Park',7,6,22,'KOR'),(69,'Carlos','Lopez',8,6,21,'MEX'),(70,'Matthew','Monaghan',9,6,24,'GBR'),(71,'Dmitri','Ivanov',4,6,25,'RUS'),(72,'James','Miller',3,6,27,'GBR'),(73,'Samson','Sok',1,7,24,'THA'),(74,'Juan','Perez',1,7,28,'ESP'),(75,'Diego','Rodriguez',2,7,26,'ARG'),(76,'Carlos','Diaz',3,7,21,'PAN'),(77,'Ryu','Takahashi',4,7,30,'JPN'),(78,'Tetsuya','Hamada',5,7,29,'JPN'),(79,'Juan','Morales',6,7,27,'NIC'),(80,'Liam','Evans',7,7,25,'USA'),(81,'Hyeon','Kim',8,7,25,'KOR'),(82,'Juan','Torres',9,7,22,'CUB'),(83,'Javier','Hernandez',1,7,24,'VEN'),(84,'Nils','Bauer',4,7,27,'GER'),(85,'David','Manningham',1,8,23,'USA'),(86,'Jose','Hernandez',1,8,28,'DOM'),(87,'Carlos','Perez',2,8,30,'CUB'),(88,'Victor','Garcia',3,8,27,'VEN'),(89,'Takumi','Kobayashi',4,8,24,'JPN'),(90,'Luis','Mendoza',5,8,26,'MEX'),(91,'Michael','Johnson',6,8,23,'USA'),(92,'Jin','Kim',7,8,22,'KOR'),(93,'Dick','Applebee',8,8,21,'USA'),(94,'Esteban','Rodriguez',9,8,24,'PAN'),(95,'Felipe','Cortez',3,8,24,'COL'),(96,'David','Schneider',9,8,27,'USA'),(97,'Carlos','Perez',1,9,22,'PHI'),(98,'Luca','Gonzalez',1,9,28,'PER'),(99,'Liam','Bianchi',2,9,30,'ITA'),(100,'Josh','Smith',3,9,27,'USA'),(101,'Shinji','Rodriguez',4,9,24,'JPN'),(102,'Juan','Taylor',5,9,25,'TTO'),(103,'Eduardo','Kumar',6,9,23,'IND'),(104,'Seungjin','Martinez',7,9,22,'BRA'),(105,'Tyler','Mendes',8,9,21,'USA'),(106,'Diana','Lopez',9,9,24,'MEX'),(107,'Boris','Chang',1,9,25,'CHN'),(108,'Victor','Santos',4,9,27,'CUB'),(109,'Zach','Taylor',1,10,23,'USA'),(110,'Carlos','Martinez',1,10,29,'DOM'),(111,'Fernando','Lopez',2,10,30,'CUB'),(112,'Ricardo','Hernandez',3,10,27,'VEN'),(113,'Yuji','Ishida',4,10,24,'JPN'),(114,'Antonio','Freeman',5,10,26,'USA'),(115,'Ethan','Davis',6,10,23,'USA'),(116,'Jiwon','Choi',7,10,22,'KOR'),(117,'Carlos','Reyes',8,10,21,'THA'),(118,'Esteban','Lopez',9,10,24,'GHA'),(119,'Felipe','Mendoza',9,10,25,'KEN'),(120,'Matteo','Rossi',7,10,27,'BRA'),(121,'Hiroshi','Kobayashi',1,11,24,'JPN'),(122,'Juan','Martinez',1,11,26,'CUB'),(123,'Carlos','Diaz',2,11,30,'ARG'),(124,'Luis','Santos',3,11,27,'BRA'),(125,'Evan','O’Connor',4,11,23,'IRL'),(126,'Pedro','Jimenez',5,11,28,'PHI'),(127,'Ryan','Nguyen',6,11,23,'VNM'),(128,'Jiho','Choi',7,11,22,'KOR'),(129,'Antonio','Garcia',8,11,21,'ESP'),(130,'Emilio','Lopez',9,11,24,'COL'),(131,'Takeshi','Saito',4,11,25,'JPN'),(132,'Kenji','Takahashi',8,11,27,'JPN'),(133,'Liam','O’Connor',1,12,24,'USA'),(134,'Juan','Rodriguez',1,12,29,'ESP'),(135,'Carlos','Jimenez',2,12,30,'PHI'),(136,'Victor','Santos',3,12,26,'BRA'),(137,'Takeshi','Nakamura',4,12,23,'JPN'),(138,'Jose','Alvarez',5,12,25,'ARG'),(139,'Oliver','Wilson',6,12,22,'USA'),(140,'Jin','Park',7,12,23,'KOR'),(141,'Esteban','Gutierrez',9,12,21,'CUB'),(142,'Dominick','Olhava',8,12,21,'USA'),(143,'Luis','Martinez',2,12,25,'TTO'),(144,'Nico','Bianchi',2,12,27,'ITA'),(145,'Brady','Sullivan',1,13,23,'USA'),(146,'Juan','Rodriguez',1,13,28,'ESP'),(147,'Hiroshi','Tanaka',2,13,24,'JPN'),(148,'Javier','Moreno',3,13,27,'VEN'),(149,'Carlos','Jimenez',4,13,30,'PHI'),(150,'Andres','Gomez',5,13,26,'COL'),(151,'Ryan','Miller',6,13,23,'USA'),(152,'Jiwon','Park',7,13,22,'KOR'),(153,'Carlos','Vega',8,13,21,'CUB'),(154,'Felipe','Alvarez',9,13,24,'PER'),(155,'Santiago','Diaz',7,13,25,'ARG'),(156,'James','Thompson',6,13,25,'USA'),(157,'Ethan','Hughes',1,14,22,'AUS'),(158,'Miguel','Mendez',1,14,29,'ARG'),(159,'Carlos','Perez',2,14,30,'ESP'),(160,'Jose','Castillo',3,14,27,'VEN'),(161,'Shinji','Fujimoto',4,14,24,'JPN'),(162,'Brad','Edwards',5,14,26,'USA'),(163,'Byron','Haskins',6,14,23,'USA'),(164,'Jiho','Kim',7,14,22,'KOR'),(165,'Antonio','Reyes',8,14,21,'CUB'),(166,'Cing','Kim',9,14,24,'KOR'),(167,'Felipe','Gonzalez',3,14,25,'COL'),(168,'Luca','Rossi',6,14,27,'ITA'),(169,'Dylan','Smith',1,15,23,'USA'),(170,'Carlos','Sanchez',1,15,28,'COL'),(171,'Rafael','Martinez',2,15,30,'DOM'),(172,'Victor','Pereira',3,15,26,'BRA'),(173,'Hiroshi','Yamada',4,15,24,'JPN'),(174,'Juan','Lopez',5,15,25,'MEX'),(175,'Ryan','Singh',6,15,23,'IND'),(176,'Minseok','Park',7,15,22,'KOR'),(177,'Ming','Han',8,15,21,'CHN'),(178,'Esteban','Zuniga',9,15,24,'PAN'),(179,'Brandon','Beckham',7,15,25,'USA'),(180,'Marco','Costa',5,15,27,'ESP'),(181,'Haruto','Takahashi',1,16,24,'JPN'),(182,'Pedro','Rodriguez',1,16,29,'DOM'),(183,'Javier','Gomez',2,16,30,'CUB'),(184,'Luis','Martinez',3,16,27,'VEN'),(185,'Noah','Jackson',4,16,24,'USA'),(186,'Carlos','Hernandez',5,16,26,'MEX'),(187,'Ethan','Williams',6,16,23,'CAN'),(188,'Jiho','Lee',7,16,22,'KOR'),(189,'Antonio','Gonzalez',8,16,21,'PUR'),(190,'Emilio','Perez',9,16,24,'PAN'),(191,'Hiro','Mataka',2,16,25,'JPN'),(192,'Matteo','Luzendo',4,16,27,'ITA'),(193,'Minseok','Park',1,17,22,'KOR'),(194,'Ferdinand','Bianchi',1,17,27,'ITA'),(195,'Jose','Hernandez',2,17,30,'DOM'),(196,'Carlos','Silva',3,17,27,'BRA'),(197,'Zachary','Brown',4,17,23,'USA'),(198,'Eduardo','Martinez',5,17,26,'ARG'),(199,'Yuki','Tanaka',6,17,24,'JPN'),(200,'Lucas','Johnson',7,17,23,'USA'),(201,'Felipe','Mendes',8,17,21,'BRA'),(202,'Diego','Gonzalez',9,17,24,'CHL'),(203,'Juan','Lopez',2,17,25,'COL'),(204,'Carlos','Rodriguez',5,17,28,'MEX'),(205,'Jose','Mendez',1,18,25,'MEX'),(206,'Felipe','Perez',1,18,25,'COL'),(207,'Javier','Martinez',2,18,30,'CUB'),(208,'Christian','Yamamoto',3,18,26,'JPN'),(209,'Oliver','Johnson',4,18,22,'CAN'),(210,'Eli','Brown',5,18,23,'USA'),(211,'Takeshi','Fujimoto',6,18,24,'JPN'),(212,'Jin','Lee-Ho',7,18,23,'KOR'),(213,'Antonio','Martinez',8,18,21,'PUR'),(214,'Diego','Warrior',9,18,24,'USA'),(215,'Carlos','Gomez',8,18,29,'DOM'),(216,'Lucas','Oliver',8,18,27,'USA'),(217,'Esteban','Silva',1,19,24,'BRA'),(218,'Ryan','Lee',1,19,23,'KOR'),(219,'Kenta','Nakamura',2,19,24,'JPN'),(220,'Victor','Martinez',3,19,26,'VEN'),(221,'Rafael','Tay',4,19,30,'CHN'),(222,'Juan','Lopez',5,19,25,'MEX'),(223,'Carlos','Gomez',6,19,28,'ARG'),(224,'Jin','Kang',7,19,22,'TUR'),(225,'JT','Mendoza',8,19,21,'PER'),(226,'Isaac','Cortes',9,19,22,'COL'),(227,'Luis','Kozlov',6,19,25,'RUS'),(228,'Matty','Chang',5,19,27,'CHN'),(229,'Yoshinobo','Tanaka',1,20,23,'JPN'),(230,'Dom','Cruz',1,20,28,'PHI'),(231,'Rafael','Martinez',2,20,30,'ARG'),(232,'Victor','Santos',3,20,26,'BRA'),(233,'Carlos','Ramos',4,20,21,'COL'),(234,'Juan','Torres',5,20,25,'MEX'),(235,'Derrick','Benter',6,20,23,'USA'),(236,'Jin','Lee',7,20,22,'KOR'),(237,'Kenta','Fujimoto',8,20,24,'JPN'),(238,'Esteban','Zuniga',9,20,24,'CRI'),(239,'Luis','Fernandez',5,20,25,'CHL'),(240,'TJ','Henning',8,20,27,'USA'),(241,'Johnny','Mitchell',1,NULL,24,'USA'),(242,'Ignacio','DeLacruz',2,NULL,30,'DOM'),(243,'Haruto','Fukuda',3,NULL,21,'JPN'),(244,'Diego','Valladares',1,NULL,28,'ESP'),(245,'Thiago','Monteiro',5,NULL,25,'BRA'),(246,'Sungmin','Park',6,NULL,26,'KOR'),(247,'Gabriel','Mendoza',7,NULL,22,'MEX'),(248,'Orlando','Quintero',8,NULL,27,'VEN'),(249,'Carter','Grayson',9,NULL,23,'CAN'),(250,'Luciano','Martinez',1,NULL,24,'ARG'),(251,'Takumi','Nakamura',2,NULL,28,'JPN'),(252,'Eli','Briar',3,NULL,20,'USA'),(253,'Salvador','Arango',1,NULL,31,'COL'),(254,'Santiago','Fernandes',5,NULL,29,'PER'),(255,'Daichi','Kobayashi',6,NULL,21,'JPN'),(256,'Montserrat','Villalobos',7,NULL,24,'MEX'),(257,'Lorenzo','Gomes',8,NULL,30,'BRA'),(258,'Hinjun','Choi',9,NULL,25,'KOR'),(259,'Devin','Williams',1,NULL,22,'USA'),(260,'Tobias','Alvarez',2,NULL,28,'CHL'),(261,'TJ','Brady',3,NULL,23,'USA'),(262,'Valeria','Serrano',4,NULL,26,'PUR'),(263,'Riku','Yamada',5,NULL,25,'JPN'),(264,'PJ','Wood',6,NULL,20,'USA'),(265,'Mateo','Lozano',7,NULL,29,'ARG'),(266,'Hikaru','Takahashi',8,NULL,28,'JPN'),(267,'Adam','Sterling',9,NULL,24,'USA'),(268,'Ben','Ryan',1,NULL,27,'USA'),(269,'Adam','Jones',8,NULL,30,'USA'),(270,'Javier','Caraballo',3,NULL,22,'VEN');
/*!40000 ALTER TABLE `player` ENABLE KEYS */;
UNLOCK TABLES;

--
-- Table structure for table `position`
--

DROP TABLE IF EXISTS `position`;
/*!40101 SET @saved_cs_client     = @@character_set_client */;
/*!50503 SET character_set_client = utf8mb4 */;
CREATE TABLE `position` (
  `Position_ID` int NOT NULL,
  `Code` varchar(2) NOT NULL,
  `Name` varchar(12) NOT NULL,
  PRIMARY KEY (`Position_ID`),
  UNIQUE KEY `BatterPositions_ID_UNIQUE` (`Position_ID`),
  UNIQUE KEY `PositionCode_UNIQUE` (`Code`),
  UNIQUE KEY `PositionName_UNIQUE` (`Name`)
) ENGINE=InnoDB DEFAULT CHARSET=utf8mb3;
/*!40101 SET character_set_client = @saved_cs_client */;

--
-- Dumping data for table `position`
--

LOCK TABLES `position` WRITE;
/*!40000 ALTER TABLE `position` DISABLE KEYS */;
INSERT INTO `position` VALUES (1,'P','Pitcher'),(2,'C','Catcher'),(3,'1B','First Base'),(4,'2B','Second Base'),(5,'SS','Shortstop'),(6,'3B','Third Base'),(7,'LF','Left Field'),(8,'CF','Center Field'),(9,'RF','Right Field');
/*!40000 ALTER TABLE `position` ENABLE KEYS */;
UNLOCK TABLES;

--
-- Table structure for table `ratings`
--

DROP TABLE IF EXISTS `ratings`;
/*!40101 SET @saved_cs_client     = @@character_set_client */;
/*!50503 SET character_set_client = utf8mb4 */;
CREATE TABLE `ratings` (
  `Player_ID` int NOT NULL,
  `Contact` tinyint NOT NULL,
  `Power` tinyint NOT NULL,
  `Eye` tinyint NOT NULL,
  `Speed` tinyint NOT NULL,
  `K_Per_Nine` tinyint NOT NULL,
  `BB_Per_Nine` tinyint NOT NULL,
  `HR_Per_Nine` tinyint NOT NULL,
  PRIMARY KEY (`Player_ID`),
  CONSTRAINT `FK_Ratings_Player` FOREIGN KEY (`Player_ID`) REFERENCES `player` (`Player_ID`) ON DELETE CASCADE ON UPDATE CASCADE
) ENGINE=InnoDB DEFAULT CHARSET=utf8mb3;
/*!40101 SET character_set_client = @saved_cs_client */;

--
-- Dumping data for table `ratings`
--

LOCK TABLES `ratings` WRITE;
/*!40000 ALTER TABLE `ratings` DISABLE KEYS */;
INSERT INTO `ratings` VALUES (1,40,80,50,55,82,65,85),(2,35,85,45,52,73,95,65),(3,55,95,70,75,10,8,6),(4,60,93,72,80,12,10,7),(5,50,90,74,85,8,7,9),(6,52,96,65,78,5,12,10),(7,48,92,62,77,7,11,8),(8,60,98,79,84,10,6,11),(9,45,94,85,72,8,12,9),(10,50,96,70,75,7,11,10),(11,53,99,78,68,11,8,7),(12,55,91,65,80,9,10,6),(13,14,17,22,21,93,82,77),(14,16,19,12,14,89,74,81),(15,65,82,80,86,15,70,73),(16,55,60,68,79,13,56,79),(17,60,77,70,83,11,55,70),(18,70,99,78,82,18,69,72),(19,50,55,74,81,17,63,71),(20,68,65,75,84,14,72,69),(21,60,90,78,78,12,67,74),(22,72,85,82,90,19,65,65),(23,55,92,80,85,16,71,68),(24,62,70,73,87,20,60,77),(25,18,12,17,15,72,63,80),(26,19,14,16,14,68,70,73),(27,81,92,88,67,5,7,10),(28,62,99,85,79,3,5,8),(29,55,91,72,76,4,8,11),(30,96,79,90,84,5,7,9),(31,79,88,76,71,7,9,12),(32,95,94,87,80,6,8,10),(33,60,82,74,88,2,4,7),(34,77,85,80,70,6,10,15),(35,58,69,78,77,1,3,6),(36,17,13,15,18,73,80,85),(37,12,15,18,10,85,72,79),(38,16,19,14,9,80,78,67),(39,78,92,80,85,7,15,10),(40,66,84,72,88,5,18,6),(41,82,91,75,77,9,12,14),(42,90,87,80,89,10,13,12),(43,73,95,82,76,8,19,11),(44,68,85,78,70,6,9,9),(45,93,99,81,90,5,11,10),(46,79,87,80,95,7,13,8),(47,63,81,76,80,9,17,12),(48,78,94,83,88,8,15,13),(49,16,18,14,10,82,75,60),(50,12,19,15,13,77,80,70),(51,87,60,78,85,6,10,15),(52,64,89,74,90,8,16,12),(53,82,98,91,94,10,14,11),(54,72,78,65,88,9,11,18),(55,63,88,64,90,7,18,6),(56,92,95,85,84,5,9,19),(57,79,91,88,91,4,11,9),(58,91,99,87,83,8,14,12),(59,80,94,79,88,7,11,14),(60,13,15,18,14,85,77,68),(61,15,19,12,9,82,75,67),(62,17,14,11,15,90,80,72),(63,83,58,79,62,10,9,11),(64,62,97,71,91,9,11,12),(65,77,45,60,66,8,10,9),(66,55,88,69,89,7,15,6),(67,82,61,90,71,6,12,14),(68,92,50,83,80,5,14,16),(69,71,94,85,93,6,16,10),(70,89,97,90,70,4,11,13),(71,85,60,78,74,7,12,10),(72,90,65,88,92,6,13,15),(73,17,13,10,18,75,82,69),(74,16,12,15,19,68,84,72),(75,85,78,91,65,8,15,10),(76,90,88,92,80,6,18,13),(77,91,80,95,83,9,10,12),(78,93,95,98,85,7,12,8),(79,92,91,96,79,10,14,11),(80,88,85,91,72,11,13,15),(81,94,90,97,90,9,17,10),(82,97,92,98,95,12,14,9),(83,19,17,13,20,76,80,68),(84,90,87,93,78,10,18,14),(85,18,15,10,12,80,72,99),(86,20,19,15,11,85,87,62),(87,78,88,72,82,10,15,19),(88,63,90,68,75,10,18,17),(89,53,77,62,64,10,16,19),(90,47,69,55,61,10,14,13),(91,62,58,65,70,10,15,11),(92,74,81,79,85,10,19,12),(93,91,95,82,92,10,18,15),(94,65,72,80,67,10,17,14),(95,59,77,63,80,10,14,19),(96,82,89,72,88,10,15,17),(97,18,14,15,19,84,75,61),(98,20,16,19,18,78,81,68),(99,93,89,96,80,5,10,8),(100,25,99,80,77,6,11,9),(101,90,88,91,85,7,13,10),(102,87,81,85,84,6,10,12),(103,93,89,88,87,6,10,12),(104,85,78,82,80,8,14,7),(105,99,45,84,79,9,12,11),(106,88,90,87,84,7,11,13),(107,17,18,19,15,88,99,72),(108,91,85,90,89,7,12,10),(109,10,12,15,19,85,80,72),(110,13,14,17,18,88,99,90),(111,97,95,92,76,9,13,8),(112,89,59,75,67,8,12,14),(113,55,68,50,78,7,9,15),(114,77,61,85,70,9,10,18),(115,98,96,91,86,6,15,9),(116,82,80,79,94,8,11,12),(117,92,85,88,91,7,11,10),(118,91,84,83,87,6,14,13),(119,87,73,70,80,8,12,11),(120,80,88,92,90,7,13,8),(121,15,14,19,12,85,77,90),(122,10,13,17,15,88,82,72),(123,91,68,90,82,7,12,14),(124,96,50,86,76,5,10,18),(125,74,71,59,62,8,13,16),(126,63,88,79,80,9,15,13),(127,77,57,95,69,6,14,12),(128,81,99,78,92,7,11,10),(129,70,92,94,65,6,13,17),(130,89,81,83,84,5,12,14),(131,60,66,52,75,8,14,19),(132,83,58,64,70,9,13,15),(133,5,9,12,10,88,91,80),(134,6,7,10,8,90,92,85),(135,99,98,95,92,7,9,5),(136,84,45,77,61,6,10,8),(137,50,64,85,70,9,8,12),(138,99,75,91,95,5,7,6),(139,60,89,80,55,6,13,9),(140,92,83,86,77,7,10,11),(141,70,91,89,68,5,12,10),(142,99,99,99,99,99,99,99),(143,60,79,72,85,9,8,15),(144,77,55,92,60,8,9,7),(145,10,7,16,12,84,65,87),(146,3,5,19,9,72,75,90),(147,78,77,91,93,10,12,9),(148,98,55,85,71,7,8,13),(149,42,97,79,61,14,6,11),(150,95,37,88,81,5,7,8),(151,62,72,89,88,8,9,11),(152,81,96,93,65,6,10,8),(153,50,85,90,92,7,6,10),(154,99,99,99,99,9,12,11),(155,55,91,84,75,5,9,6),(156,73,79,76,63,8,10,9),(157,8,4,17,12,83,55,93),(158,5,10,14,9,88,80,85),(159,48,88,81,77,9,7,12),(160,99,30,75,68,6,8,10),(161,72,99,91,84,7,5,9),(162,66,66,88,75,8,6,11),(163,64,89,85,79,6,10,8),(164,74,93,92,68,5,6,7),(165,50,85,88,90,10,9,12),(166,92,99,99,99,11,5,6),(167,50,74,76,65,6,8,7),(168,77,83,80,72,8,10,9),(169,11,8,14,6,65,99,81),(170,5,10,17,9,90,72,88),(171,64,97,80,72,6,10,7),(172,88,55,91,60,9,7,12),(173,72,87,78,75,5,6,9),(174,92,78,88,83,10,8,6),(175,82,65,76,71,6,9,10),(176,60,89,95,81,9,8,11),(177,55,87,86,84,8,7,9),(178,90,99,92,95,7,5,6),(179,82,55,80,72,10,6,8),(180,79,65,88,74,8,7,11),(181,10,15,12,8,85,65,81),(182,8,10,20,14,68,86,88),(183,97,45,74,60,6,9,3),(184,77,90,91,82,5,4,10),(185,65,80,63,95,8,6,7),(186,84,99,85,55,9,7,5),(187,40,91,96,78,10,5,8),(188,95,58,99,88,7,6,11),(189,72,87,92,81,6,8,10),(190,60,88,70,66,8,9,6),(191,83,45,88,90,5,10,8),(192,99,68,78,85,9,11,7),(193,15,10,18,12,85,93,65),(194,12,20,9,18,87,77,76),(195,72,65,78,59,6,9,3),(196,99,90,88,79,7,5,8),(197,80,74,85,95,6,8,7),(198,27,99,72,91,9,7,5),(199,54,70,63,65,8,9,6),(200,85,87,91,93,9,6,9),(201,91,71,83,55,7,10,8),(202,73,92,77,92,6,5,10),(203,65,55,66,84,6,8,9),(204,60,83,90,70,9,6,7),(205,8,12,6,15,90,48,85),(206,10,7,11,14,76,57,95),(207,66,95,60,87,10,5,8),(208,95,84,79,90,7,6,4),(209,40,99,75,98,5,9,7),(210,72,85,60,87,10,5,8),(211,63,92,88,81,8,5,10),(212,87,73,66,91,6,9,7),(213,74,58,82,77,9,10,6),(214,67,81,59,72,8,7,9),(215,77,69,84,88,5,6,4),(216,78,37,75,80,9,8,7),(217,10,12,7,15,70,99,68),(218,8,11,6,13,90,81,87),(219,89,75,64,76,5,7,6),(220,78,77,59,82,6,4,7),(221,99,84,69,84,8,9,5),(222,74,60,77,73,7,5,6),(223,39,97,88,91,5,4,8),(224,69,72,80,85,6,8,7),(225,77,55,85,88,9,6,5),(226,65,70,71,75,6,9,8),(227,88,95,67,89,7,8,6),(228,72,90,75,80,5,7,8),(229,12,8,9,14,99,69,90),(230,6,10,7,13,74,88,83),(231,91,99,70,81,6,7,9),(232,89,77,72,80,4,6,8),(233,85,35,63,78,8,5,6),(234,55,82,67,88,9,7,5),(235,65,60,91,75,7,6,9),(236,72,93,86,74,5,4,7),(237,97,80,77,89,8,9,6),(238,88,65,81,90,6,5,4),(239,72,82,92,84,7,8,5),(240,86,93,79,87,4,6,8),(241,10,8,7,12,81,85,79),(242,75,81,72,68,4,5,6),(243,71,77,68,80,5,6,4),(244,12,9,10,14,83,79,84),(245,67,73,59,76,6,5,7),(246,65,69,74,77,5,4,6),(247,11,13,9,10,85,83,81),(248,72,74,76,81,4,5,6),(249,69,79,71,75,5,6,7),(250,10,11,9,13,84,82,79),(251,74,82,70,78,6,5,4),(252,70,78,64,72,5,4,6),(253,9,12,11,14,82,85,78),(254,69,75,68,79,5,6,7),(255,66,72,65,73,4,5,6),(256,12,8,10,12,79,83,85),(257,77,74,79,82,5,4,6),(258,70,78,72,75,5,6,7),(259,13,9,8,12,84,79,83),(260,74,80,71,77,6,4,5),(261,73,77,69,74,5,6,7),(262,8,12,10,13,83,81,84),(263,70,73,66,78,6,5,4),(264,64,72,65,71,5,4,6),(265,9,14,11,15,80,85,81),(266,72,78,68,79,4,5,6),(267,68,74,71,77,5,6,4),(268,10,11,12,14,85,80,79),(269,78,81,74,72,4,5,6),(270,75,80,72,78,5,6,7);
/*!40000 ALTER TABLE `ratings` ENABLE KEYS */;
UNLOCK TABLES;

--
-- Table structure for table `season`
--

DROP TABLE IF EXISTS `season`;
/*!40101 SET @saved_cs_client     = @@character_set_client */;
/*!50503 SET character_set_client = utf8mb4 */;
CREATE TABLE `season` (
  `Season_ID` int NOT NULL AUTO_INCREMENT,
  `Year` year NOT NULL,
  PRIMARY KEY (`Season_ID`),
  UNIQUE KEY `Season_ID_UNIQUE` (`Season_ID`),
  UNIQUE KEY `Year_UNIQUE` (`Year`)
) ENGINE=InnoDB AUTO_INCREMENT=2 DEFAULT CHARSET=utf8mb3;
/*!40101 SET character_set_client = @saved_cs_client */;

--
-- Dumping data for table `season`
--

LOCK TABLES `season` WRITE;
/*!40000 ALTER TABLE `season` DISABLE KEYS */;
INSERT INTO `season` VALUES (1,2023);
/*!40000 ALTER TABLE `season` ENABLE KEYS */;
UNLOCK TABLES;

--
-- Table structure for table `stadium`
--

DROP TABLE IF EXISTS `stadium`;
/*!40101 SET @saved_cs_client     = @@character_set_client */;
/*!50503 SET character_set_client = utf8mb4 */;
CREATE TABLE `stadium` (
  `Stadium_ID` int NOT NULL AUTO_INCREMENT,
  `Name` varchar(25) NOT NULL,
  `Field_Size` int NOT NULL,
  `Ticket_Cost` decimal(9,2) NOT NULL,
  `Max_Capacity` int NOT NULL,
  PRIMARY KEY (`Stadium_ID`),
  UNIQUE KEY `ID_UNIQUE` (`Stadium_ID`),
  UNIQUE KEY `Name_UNIQUE` (`Name`)
) ENGINE=InnoDB AUTO_INCREMENT=51 DEFAULT CHARSET=utf8mb3;
/*!40101 SET character_set_client = @saved_cs_client */;

--
-- Dumping data for table `stadium`
--

LOCK TABLES `stadium` WRITE;
/*!40000 ALTER TABLE `stadium` DISABLE KEYS */;
INSERT INTO `stadium` VALUES (1,'Thunder Peak',375,25.50,15000),(2,'Crimson Canyon',390,18.75,12000),(3,'Silver Fortress',365,30.00,20000),(4,'Titan Arena',405,22.00,18000),(5,'Phoenix Dome',360,15.50,10000),(6,'Stormbreaker Stadium',410,40.00,25000),(7,'Vortex Vault',395,35.75,22000),(8,'Galaxy Grounds',380,20.00,15000),(9,'Echo Fields',370,28.00,17500),(10,'Victory Vista',400,25.00,21000),(11,'Nebula Nexus',385,24.00,16000),(12,'Zenith Zone',420,50.00,30000),(13,'Eclipse Emporium',390,23.50,14000),(14,'Avalon Arena',375,18.00,13000),(15,'Blaze Barracks',385,27.75,17000),(16,'Starlight Stadium',395,21.00,19000),(17,'Cobalt Court',360,19.50,11000),(18,'Magnum Park',410,29.99,24000),(19,'Obsidian Oasis',370,16.50,15000),(20,'Quasar Quarters',400,34.00,22000),(21,'Ember Enclave',390,26.00,18000),(22,'Rogue Realm',350,20.75,12000),(23,'Ironclad Arena',375,25.00,15000),(24,'Solstice Stadium',380,22.50,14000),(25,'Vanguard Vault',390,30.00,17000),(26,'Summit Stadium',355,18.25,11000),(27,'Tempest Turf',400,28.50,21000),(28,'Elysium Edge',370,19.99,15000),(29,'Celestial Citadel',405,32.50,22000),(30,'Infinite Isle',385,29.00,19000),(31,'Skyward Stadium',355,15.75,10000),(32,'Chronos Court',410,36.50,24000),(33,'Serenity Spot',375,20.00,13000),(34,'Pinnacle Park',380,25.25,15000),(35,'Majestic Meadow',390,27.50,17000),(36,'Zen Zone',370,22.00,14000),(37,'Ascendant Arena',420,40.75,25000),(38,'Aether Arena',395,35.00,20000),(39,'Mirage Manor',380,21.00,12000),(40,'Tornado Turf',405,33.00,22000),(41,'Pride Point',385,19.75,14000),(42,'Vigilant Vault',395,31.00,17000),(43,'Summit Sanctuary',370,24.00,15000),(44,'Titanium Terrace',360,18.50,11000),(45,'Infinity Island',410,42.00,26000),(46,'Iron Peak',400,28.75,19000),(47,'Endeavor Enclave',390,30.50,20000),(48,'Radiant Realm',380,27.00,18000),(49,'Eclipse Edge',375,21.75,14000),(50,'Stormspire Stadium',385,25.50,15000);
/*!40000 ALTER TABLE `stadium` ENABLE KEYS */;
UNLOCK TABLES;

--
-- Table structure for table `team`
--

DROP TABLE IF EXISTS `team`;
/*!40101 SET @saved_cs_client     = @@character_set_client */;
/*!50503 SET character_set_client = utf8mb4 */;
CREATE TABLE `team` (
  `Team_ID` int NOT NULL AUTO_INCREMENT,
  `Name` varchar(25) NOT NULL,
  `Home_Town` varchar(25) NOT NULL,
  `League` char(2) NOT NULL,
  `Salary_Cap` decimal(9,2) NOT NULL,
  `Stadium_ID` int DEFAULT NULL,
  PRIMARY KEY (`Team_ID`),
  UNIQUE KEY `ID_UNIQUE` (`Team_ID`),
  UNIQUE KEY `Name_UNIQUE` (`Name`),
  UNIQUE KEY `HomeTown_UNIQUE` (`Home_Town`),
  UNIQUE KEY `Stadium_UNIQUE` (`Stadium_ID`),
  KEY `fk_Team_Stadium1_idx` (`Stadium_ID`),
  CONSTRAINT `FK_Team_Stadium` FOREIGN KEY (`Stadium_ID`) REFERENCES `stadium` (`Stadium_ID`) ON DELETE SET NULL ON UPDATE CASCADE,
  CONSTRAINT `team_chk_1` CHECK ((`League` in (_utf8mb4'AL',_utf8mb4'NL')))
) ENGINE=InnoDB AUTO_INCREMENT=21 DEFAULT CHARSET=utf8mb3;
/*!40101 SET character_set_client = @saved_cs_client */;

--
-- Dumping data for table `team`
--

LOCK TABLES `team` WRITE;
/*!40000 ALTER TABLE `team` DISABLE KEYS */;
INSERT INTO `team` VALUES (1,'Crushers','Canyon City','AL',7500000.00,2),(2,'Phoenix','Sun Valley','AL',5800000.00,5),(3,'Stormbreakers','Cyclone Bay','AL',7200000.00,6),(4,'Guardians of the Galaxy','Nova Town','AL',6500000.00,8),(5,'Flyers','Summit Heights','AL',8000000.00,12),(6,'Knights','Avalon','AL',5600000.00,14),(7,'Blaze Hounds','Ember Hills','AL',6700000.00,15),(8,'Werewolves','Twilight Falls','AL',5900000.00,16),(9,'Dragons','Ember Ridge','AL',6100000.00,21),(10,'Pirates','Blackwater','AL',5400000.00,22),(11,'Vortex Vipers','Tornado City','NL',7200000.00,7),(12,'Tempest Titans','Thunder Hollow','NL',6900000.00,27),(13,'Quasar Comets','Orbit City','NL',6500000.00,20),(14,'Phantoms','Shadow Creek','NL',6000000.00,13),(15,'Eclipse','Lunar Bay','NL',5100000.00,36),(16,'Aether Hawks','Stratos Ridge','NL',7600000.00,38),(17,'Mystic Mirages','Oasis Valley','NL',6100000.00,39),(18,'Trailblazers','Storm Hollow','NL',6800000.00,40),(19,'Valkyries','Watchtower City','NL',7500000.00,42),(20,'Iron Thunder','Forge Town','NL',7200000.00,47);
/*!40000 ALTER TABLE `team` ENABLE KEYS */;
UNLOCK TABLES;
/*!40103 SET TIME_ZONE=@OLD_TIME_ZONE */;

/*!40101 SET SQL_MODE=@OLD_SQL_MODE */;
/*!40014 SET FOREIGN_KEY_CHECKS=@OLD_FOREIGN_KEY_CHECKS */;
/*!40014 SET UNIQUE_CHECKS=@OLD_UNIQUE_CHECKS */;
/*!40101 SET CHARACTER_SET_CLIENT=@OLD_CHARACTER_SET_CLIENT */;
/*!40101 SET CHARACTER_SET_RESULTS=@OLD_CHARACTER_SET_RESULTS */;
/*!40101 SET COLLATION_CONNECTION=@OLD_COLLATION_CONNECTION */;
/*!40111 SET SQL_NOTES=@OLD_SQL_NOTES */;

-- Dump completed on 2024-12-13 16:38:11
